{"lerning_rate": 0.0001, "n_itterations": 50, "seed": 0, "errors": [59, 60, 60, 59, 60, 58, 59, 58, 59, 58, 59, 58, 59, 59, 60, 58, 57, 59, 58, 57, 57, 58, 57, 57, 58, 57, 57, 58, 57, 57, 58, 57, 57, 58, 57, 57, 57, 57, 57, 59, 58, 57, 57, 57, 57, 57, 57, 57, 57, 57], "vector": [-0.3206573006305817, 0.28148545381354306, 0.30348668095877473, -0.36282579080277383], "bias": 0.21509999999999263, "training_class": null, "filepath": "versicolor.json"}