{"lerning_rate": 0.0001, "n_itterations": 50, "seed": 0, "errors": [8, 8, 7, 8, 8, 7, 8, 8, 7, 8, 8, 7, 8, 8, 7, 8, 8, 7, 8, 8, 7, 8, 8, 7, 8, 8, 7, 8, 8, 7, 8, 8, 7, 8, 8, 7, 8, 8, 7, 8, 8, 7, 8, 8, 7, 8, 8, 7, 8, 8], "vector": [-0.06260856728875336, -0.10140570732210881, 0.01656322925356796, 0.47505192297239923], "bias": -0.14170000000000071, "training_class": null, "filepath": "virginica.json"}