epoch,errors,cost
0,-1,265.441522867526
1000,-1,265.4415222352751
2000,-1,265.4415221352747
3000,-1,265.44152211945584
4000,-1,265.4415221169542
5000,-1,265.4415221165587
6000,-1,265.44152211649595
7000,-1,265.4415221164859
8000,-1,265.4415221164849
9000,-1,265.4415221164844
