epoch,errors,cost
0,-1,46434.512001293486
1000,-1,265.89888349379396
2000,-1,265.49091736454403
3000,-1,265.4489496593045
4000,-1,265.442680414225
5000,-1,265.4417046084513
6000,-1,265.4415509501165
7000,-1,265.44152667573377
8000,-1,265.44152283755864
9000,-1,265.44152223053305
