epoch,errors,cost
0,-1,265.44152211648407
1000,-1,265.44152211648435
2000,-1,265.441522116485
3000,-1,265.44152211648407
4000,-1,265.4415221164842
5000,-1,265.441522116485
6000,-1,265.44152211648424
7000,-1,265.4415221164847
8000,-1,265.4415221164847
9000,-1,265.4415221164846
