epoch,errors,cost
0,-1,265.4415221164839
1000,-1,265.4415221164839
2000,-1,265.44152211648424
3000,-1,265.44152211648475
4000,-1,265.44152211648463
5000,-1,265.44152211648463
6000,-1,265.4415221164846
7000,-1,265.4415221164846
8000,-1,265.4415221164846
9000,-1,265.4415221164846
