epoch,errors,cost
0,-1,0.06008843082816309
10,-1,0.060087257020943835
20,-1,0.06008611222323326
30,-1,0.060084661969041
40,-1,0.06008378943297324
50,-1,0.060082528277733624
60,-1,0.06008149594356056
70,-1,0.060079683649270035
80,-1,0.06007921665642329
90,-1,0.06007805169651537
