epoch,errors,cost
0,-1,0.06026866535240397
10,-1,0.06026405834513811
20,-1,0.060259589463123875
30,-1,0.06025461979592148
40,-1,0.060250626766969635
50,-1,0.06024633933763143
60,-1,0.060241843669397305
70,-1,0.06023820192641101
80,-1,0.060234067464477584
90,-1,0.06022995285996392
