{"learning_rate": 1e-05, "n_iterations": 100, "seed": 0, "errors": [836, 814, 819, 821, 845, 827, 825, 815, 828, 827, 831, 817, 813, 836, 820, 819, 824, 819, 833, 824, 810, 847, 811, 816, 827, 809, 832, 811, 815, 813, 809, 824, 830, 836, 839, 820, 840, 832, 847, 829, 829, 819, 815, 824, 831, 809, 839, 823, 833, 845, 826, 841, 809, 827, 836, 809, 824, 837, 839, 823, 836, 814, 839, 811, 834, 839, 834, 817, 823, 842, 832, 832, 846, 816, 850, 835, 826, 824, 836, 828, 837, 811, 830, 820, 830, 822, 807, 832, 835, 830, 820, 813, 829, 819, 826, 841, 824, 815, 831, 833], "vector": [5.159054201787199e-07, 2.0431539237569915e-05, -1.525918757610019e-05, 7.055336021091158e-05, 2.9679872299419632e-05, 3.876904832711162e-05, -4.198287677974952e-05, 8.172211406035852e-05, 3.4200280398444295e-05, 3.632395489078402e-05, 1.6067705928883224e-05, 7.953346817575578e-05, -3.0937898560381116e-05, 2.7271505470363066e-05, -7.102598674418353e-05, 9.671854026854733e-05, -0.00017162155627888954, 3.821045139523207e-05, -4.233711829391701e-05, 8.23667601718054e-05, -1.496185874711642e-05, 4.7319326633521295e-05, -7.961835780280473e-05, -2.7973552592081744e-05, -0.00011696629272392173, 1.1025224107282025e-05, -1.4464166660413588e-05, -3.578115720119336e-05, 0.00019204606355368266, -7.805132542172305e-05, -0.00023305212657781938, -7.303138243085146e-08, -3.2780484573835e-05, -4.858021405531063e-06, -1.0827107025830633e-05], "bias": -0.00010000000000005314, "training_class": null, "filepath": "Dropout.json"}