{"learning_rate": 1e-05, "n_iterations": 1000, "seed": 0, "errors": [], "vector": [-0.0068895785674694685, 0.002977741175552297, 0.008226656789477345, 0.013398871770731605, 0.0015338583386740304, -0.015211861308974697, 0.005361235938204444, 0.020491056178718534, 0.012974732566676086, -0.005257926794217395, -0.020069928985961865, -0.0029913432418481926, -0.006138835280189413, 0.012182402223230391, 0.0033577117424240443, 0.01882422098212209, -0.0893145759312532, 0.01665789270181622, -0.019698102079326464, 0.030333305929234083, -0.025419198449918416, 0.15475453278424517, 0.05875244008724321, -0.023935518597504167, -0.22302295984882808, 0.07220644627212439, -0.008550996505439262, -0.04896884936046227, 0.11842830156646034, 0.003998997560590529, -0.1790060940316133, -0.08083107170432886, -0.007732849242846259, 0.017956787837691255, -0.0031448964406966084], "bias": 0.32120253164556894, "training_class": null, "filepath": "Dropout_Adaline.json"}