{"learning_rate": 1e-05, "n_iterations": 100, "seed": 0, "errors": [], "vector": [-0.00876113889918039, 0.0031675425570798074, 0.009481919692191568, 0.011420292160843747, 0.0006851738544919835, -0.012260450861173878, 0.0067398702076672, 0.020976968705859692, 0.014179080575409064, -0.0066761897064323535, -0.03357193210157889, 0.010612601637673797, -0.00685559868146431, 0.011090846912876774, 0.0032041163533411895, 0.01893596132864391, -0.08920374472454566, 0.014537464551525447, -0.0198346946809462, 0.03281964842144216, -0.026376535498707377, 0.015390132886502747, 0.06645863864339698, -0.009597729139794047, -0.1329786058761964, 0.04324892645654309, -0.0074944147983269545, 0.07036073355251088, 0.11110090740248943, -0.010406822326503985, -0.25855356710411476, -0.05169584874861023, -0.008273605070230589, 0.017438811124340637, -0.0029583396251413045], "bias": 0.3211832324108688, "training_class": null, "filepath": "Dropout_SGD.json"}