{"learning_rate": 1e-05, "n_iterations": 10000, "seed": 0, "errors": [], "vector": [-0.00876979407073489, 0.002687090976091861, 0.009141422611336422, 0.012429304744948579, 0.0005584639619853021, -0.01293415583812767, 0.006726669916112408, 0.019785056618069834, 0.014573797514449099, -0.006713659121605394, -0.03430859069874833, 0.011229929338663583, -0.0066049147490420505, 0.010693311138554224, 0.0031010376991444017, 0.018868929800692227, -0.08956642032144642, 0.014593566054823964, -0.019478321053630274, 0.033195830441737996, -0.025170837980750146, 0.04259626802425952, -0.0024572832277971086, 0.0017553159597537664, -0.10729591106827424, 0.03439963845175891, -0.007914476206079575, 0.051757401826602725, 0.1664131834844408, -0.01858393143932351, -0.27921473545491143, -0.04471998459810933, -0.007470406666038846, 0.015988651648102325, -0.0022353652691747944], "bias": 0.321202531645569, "training_class": null, "filepath": "Dropout_Adaline.json"}