{"learning_rate": 1e-05, "n_iterations": 10000, "seed": 0, "errors": [], "vector": [-0.008769655994395411, 0.002686425100164271, 0.00914083740952838, 0.012430873653655337, 0.0005583976339239602, -0.012935321648232193, 0.006726586229484242, 0.019783492626170286, 0.014574234956213527, -0.006713593056728326, -0.03430907806871748, 0.011230287755262408, -0.0066045757892645935, 0.0106929672108232, 0.0031009181249649644, 0.018868815077176557, -0.08956689856510773, 0.014593856094899813, -0.019477856915109934, 0.0331961223549255, -0.025169202396333384, 0.04264567019819572, -0.0025461046418561836, 0.0017682706097399065, -0.10727390655909377, 0.03439204191145969, -0.007915136022620558, 0.05172150641952292, 0.16648445559188776, -0.018592719806463938, -0.2792313999210123, -0.0447148107488968, -0.007469327124842426, 0.015986847016332538, -0.0022344444348339435], "bias": 0.32120253164556894, "training_class": null, "filepath": "Dropout_Adaline.json"}