{"learning_rate": 1e-05, "n_iterations": 100, "seed": 0, "errors": [3168, 3161, 3137, 3124, 3113, 3101, 3086, 3082, 3070, 3061, 3043, 3016, 2994, 2983, 2964, 2935, 2918, 2898, 2878, 2857, 2837, 2821, 2795, 2774, 2760, 2739, 2717, 2698, 2672, 2657, 2645, 2623, 2606, 2580, 2551, 2530, 2504, 2483, 2460, 2437, 2417, 2381, 2363, 2344, 2331, 2313, 2292, 2279, 2259, 2239, 2226, 2212, 2206, 2190, 2174, 2153, 2126, 2107, 2095, 2074, 2063, 2040, 2023, 2002, 1992, 1975, 1949, 1929, 1918, 1905, 1892, 1884, 1869, 1848, 1823, 1804, 1791, 1769, 1761, 1748, 1738, 1728, 1718, 1709, 1696, 1683, 1675, 1667, 1657, 1650, 1638, 1629, 1628, 1626, 1612, 1604, 1590, 1583, 1572, 1563], "vector": [0.6657685576362532, -0.38054464999106924, -0.3050056434292562, 0.8312427420488846, 0.7410248132099525, -0.38096158466126434, -0.5470956495470338, -0.8265427981259081, -0.06102386874306564, -0.8451534640994418, -1.3255977762589926, 1.0155728796355332, 0.6911456000820132, 0.24134078010338086, -0.024250515627457347, -1.2596404064402882, -0.407574186002683, -0.06729227868825477, 0.5665443934157364, 1.6249507489394857, 1.750406388609682, -0.06189882067901994, 0.4709589680410131, -0.124940455811, -0.1323343636963493, 0.5811385826184083, 1.081354506811844, 0.7824921460914117, -2.2048358668348325, -0.09951303725643064, 0.1405360363409338, -1.2719914902324958, 0.7932352126824629, -0.27260683518616186, -0.6269000940109458], "bias": -0.5543600000001119, "training_class": null, "filepath": "Dropout.json"}