{"learning_rate": 1e-05, "n_iterations": 1000, "seed": 0, "errors": [], "vector": [-0.007920622172138118, 0.003968049683209941, 0.00954560523724248, 0.011906916757617464, 0.0006819120548912684, -0.012618589111517354, 0.0056254692331039625, 0.020738631842817216, 0.013362312651824625, -0.005790973881364667, -0.01837394604510066, -0.004878602021759855, -0.00577305097255419, 0.010493037726393976, 0.003462420737344186, 0.018999079706449085, -0.08884375796333144, 0.014385413466035406, -0.01982839760445422, 0.031140586636831263, -0.02679346961602339, 0.027612462589474147, 0.06696574576568166, -0.009559778038967653, -0.10898095888769298, 0.03002404751080531, -0.007557199433386369, 0.05203308922586834, 0.11112552089344042, -0.010576954301018827, -0.2769734608906972, -0.04210557225513203, -0.007856566033117624, 0.01711940167487657, -0.0032529034171419466], "bias": 0.3212057968392472, "training_class": null, "filepath": "Dropout_SGD.json"}