{"learning_rate": 1e-05, "n_iterations": 100, "seed": 0, "errors": [], "vector": [0.03632557553178974, -0.05243969250231477, 0.07003335004363039, 0.05468349208222887, 0.029846367459311702, -0.028430105575419366, -0.0610612078991981, -0.01910533972656302, -0.09778181402981331, 0.08675951548249339, -0.09058706062735776, 0.06067317291765914, 0.07158001116278902, 0.010006314805099038, -0.01608759373606975, 0.10669200423522608, 0.03726463658796907, 0.02208344407067378, 0.025619919846548912, 0.043505656122131496, 0.016269510178825518, -0.2659383667788764, 1.3283470981004246, -0.15945897691157643, -1.0578892652669136, 0.33855422062421875, 0.13435209325908487, 0.5291361149376578, -0.8783384061134552, 0.03459184793750338, 0.052009929326031615, -0.010008994268180174, -0.18499388858798188, 0.07612264692080184, -0.036013897179512866], "bias": 0.3173590504877395, "training_class": null, "filepath": "Dropout_SGD.json"}