{"learning_rate": 1e-05, "n_iterations": 1000, "seed": 0, "errors": [], "vector": [0.0007229979198382854, -0.014524973052237275, -0.001546038143484131, -0.0008802782936181431, -0.0004705269187461175, 0.022133470460637374, 0.005520477805101091, -0.020050852262653976, 0.002492267096686325, 0.0076724806000384406, 0.009372415854477114, -0.008374734533563908, 0.011622310731147641, -0.0033649017230107346, -0.005727077688732584, -0.025061898031560274, 0.04299951676674571, -0.014908912857570115, 0.044947324247115415, -0.000948313312773296, 0.0210776734280042, -0.07996973922500582, 0.2899521876420018, -0.09107595329390061, 0.001222811758859564, 0.04170004946426806, 0.01051257029657083, -0.05808529628128439, -0.3527437179676325, -0.022799529850555333, 0.4817753578634433, -0.09994138279600963, 0.007773909103535258, 0.00683395460053327, -0.0017037084376763743], "bias": 0.4993115253692355, "training_class": null, "filepath": "Graduate_SGD.json"}