{"learning_rate": 1e-05, "n_iterations": 10000, "seed": 0, "errors": [], "vector": [-0.0003586248657845646, -0.01594080545466973, -0.0021232148139114274, 0.00530638465338812, -0.0013339429971828366, 0.021646848759692035, 0.006029577572474417, -0.02464993454231505, 0.0043026918073920785, 0.0071262556290267315, 0.010446526835173331, -0.009916695539439925, 0.012571084946061961, -0.006006553520919734, -0.006049911842181369, -0.025078830639870053, 0.0417241459629263, -0.016187787385261398, 0.0457267187668616, 0.001609978657470879, 0.024953416963835986, -0.06495744851664151, 0.02115505494876149, -0.03572179642389701, 0.17821185298487133, -0.01940060258947081, 0.009449426970245268, -0.05604489373977206, -0.1452369166949775, -0.06297227710920306, 0.3462005239092249, -0.05610104428302404, 0.010762693550539137, 9.444841002508856e-05, 0.0013427968624369598], "bias": 0.4993218806509941, "training_class": null, "filepath": "Graduate_Adaline.json"}