{"learning_rate": 1e-05, "n_iterations": 100, "seed": 0, "errors": [], "vector": [-0.0003069046101912469, -0.01631693494360422, -0.0024223815986285716, 0.0061823774499848005, -0.0013737964977200128, 0.021033577321989003, 0.0060027459102957375, -0.025536558261998937, 0.004548236301027549, 0.007135290962759047, 0.010089170189540319, -0.009653793777076702, 0.012752920779590995, -0.0061996735448142095, -0.006114665955112091, -0.02515154679393569, 0.04147392518475372, -0.016067259647228268, 0.04599971848920439, 0.001793498030533775, 0.025834203321423468, -0.039528697171640106, -0.027991714296378055, -0.028287458464249973, 0.1918250467998313, -0.0240178639500855, 0.009103580028864886, -0.07423152393378576, -0.10574315573424065, -0.06802488602366222, 0.3358105104352136, -0.052769207835416235, 0.011343240753891074, -0.0009131767040471561, 0.0018630110371835175], "bias": 0.499311960825563, "training_class": null, "filepath": "Graduate_SGD.json"}