{"learning_rate": 1e-05, "n_iterations": 100, "seed": 0, "errors": [], "vector": [-0.0315624374297992, -0.08075709554137527, 0.04488108448272083, 0.22814351913900358, -0.09071414567105968, 0.0888709430050621, -0.15924544568986465, 0.12315700302145291, -0.05205206487219102, 0.061775902023330435, 0.8334897643024728, -0.8265428973863491, 0.18543743029326476, -0.0772686790993171, 0.0019221276349296482, -0.039133037819950346, 0.011924768010177455, -0.03692028751645922, 0.04974891280685016, -0.041880394853617164, -0.13478862117283674, -0.967524992002197, -0.3135600000230791, -0.050072705383483296, 1.3672124477664633, -0.3375370924927976, 0.16493503647037477, 0.7178302945693543, -0.35356732732450047, 0.1572628481193727, -0.1173584072526754, -0.2613452191679223, -0.14709072078849406, -0.01783310389399204, 0.03058694554336593], "bias": 0.4932941878729325, "training_class": null, "filepath": "Graduate_SGD.json"}