{"learning_rate": 1e-05, "n_iterations": 100, "seed": 0, "errors": [2393, 2385, 2372, 2350, 2327, 2310, 2303, 2291, 2273, 2257, 2239, 2232, 2223, 2210, 2204, 2185, 2172, 2154, 2144, 2133, 2116, 2105, 2094, 2079, 2074, 2059, 2043, 2032, 2020, 2010, 1997, 1988, 1977, 1965, 1958, 1945, 1943, 1935, 1926, 1920, 1916, 1909, 1906, 1893, 1887, 1879, 1870, 1863, 1855, 1849, 1841, 1823, 1811, 1807, 1800, 1791, 1784, 1773, 1768, 1764, 1756, 1744, 1735, 1729, 1721, 1710, 1703, 1697, 1695, 1692, 1690, 1684, 1677, 1673, 1668, 1660, 1654, 1655, 1650, 1647, 1646, 1643, 1638, 1631, 1627, 1619, 1614, 1609, 1607, 1601, 1594, 1591, 1585, 1583, 1573, 1573, 1564, 1559, 1554, 1553], "vector": [0.18853993512079287, -1.0621053946355659, -0.1964259304167418, 1.7282187227385712, 0.010469286678507023, 0.6912761132204498, -0.10365609561440632, 0.17760309069501826, -0.25854308444557295, -0.19259801424288367, -0.8066962685044039, 0.9619911762785865, -0.2810635864906835, -0.5001128709035331, 0.740268486173922, -0.8051552300623536, 0.29576939458003026, 0.010813554568071461, 0.6831912009005907, 0.2814535570357135, 1.4677667996898331, -0.9422443018229896, -0.44287715921212456, 0.46850807572674685, 0.10330984990613071, 0.21080658492116083, 0.08656436537127907, 0.10153731185466364, 1.0029736965755516, 0.7641331080312588, 0.366751379729026, 0.6693265591921849, 1.5698760564987397, -0.5349145181034166, 0.28544373481026486], "bias": -0.21990000000007914, "training_class": null, "filepath": "Graduate.json"}