{"learning_rate": 1e-05, "n_iterations": 1000, "seed": 0, "errors": [], "vector": [-0.00032585303188109013, -0.015248163791817922, -0.0019415608456643944, 0.007253325819496028, -0.0009690875301401392, 0.021941460172158256, 0.0059490581253598745, -0.024029583476495094, 0.004305308910963217, 0.0070522371289347624, 0.006063604801785861, -0.0056717839251654014, 0.012748632972186693, -0.0060746619246384035, -0.0060389397899883665, -0.024927745913630207, 0.04192729138315113, -0.016287025404107563, 0.045350606353521214, 0.001392116342653588, 0.024301930427406505, -0.07986703177852511, 0.051041350159303174, -0.03957781515978346, 0.18765562494356813, -0.025434064231425083, 0.009616519725084875, -0.04957625807677295, -0.17396485035722548, -0.05904961123163316, 0.3450944147467997, -0.05613279615998961, 0.010924876437618917, 0.0004960266257808074, 0.0008260708202595895], "bias": 0.4993218806509941, "training_class": null, "filepath": "Graduate_Adaline.json"}