{"learning_rate": 1e-05, "n_iterations": 100, "seed": 0, "errors": [939, 936, 934, 923, 935, 928, 943, 902, 918, 948, 920, 939, 942, 931, 925, 919, 945, 943, 920, 949, 945, 940, 942, 903, 931, 945, 950, 945, 922, 926, 927, 925, 919, 932, 912, 910, 931, 918, 928, 926, 929, 937, 964, 936, 920, 939, 929, 927, 918, 918, 953, 910, 938, 945, 920, 918, 922, 920, 936, 939, 917, 945, 938, 933, 928, 933, 929, 947, 937, 931, 927, 933, 921, 952, 908, 962, 932, 912, 915, 911, 935, 929, 937, 932, 943, 914, 933, 920, 933, 934, 941, 913, 940, 920, 904, 938, 941, 935, 933, 932], "vector": [1.0517274872662437e-05, -6.88355092620632e-05, 4.791127122281475e-06, -0.00010556262646421331, 9.899440129190517e-06, 1.697458739097751e-05, -1.4613120152584212e-05, 4.529636123295438e-05, -7.032355887877278e-06, 3.65610997766045e-05, 6.228302333275191e-05, -4.225945868453506e-05, -8.00728639902051e-06, -2.7749375704304833e-06, 4.230591501381326e-05, -8.10787334906233e-05, 0.0001181416683353973, -2.6102603912557466e-05, 1.2997712666825614e-05, -2.1655923409724246e-05, 2.660396165684319e-05, -9.07546791803415e-05, -0.00012087247437586107, 5.1414675377260044e-05, 0.0003184623989294244, -2.767255177859902e-05, 2.2728407912309955e-05, 4.685422038086484e-05, -0.00026774576371930595, -7.767634933985438e-07, 0.00033001758766293323, 8.42238020324949e-05, -1.687395990381746e-06, 1.3041362053130593e-05, 3.839808806753068e-05], "bias": -0.00017000000000030294, "training_class": null, "filepath": "Graduate.json"}