{"learning_rate": 1e-05, "n_iterations": 10000, "seed": 0, "errors": [], "vector": [-0.0003586042040510988, -0.015940904229080247, -0.0021233017503278612, 0.005306617619164928, -0.0013339526678902561, 0.021646675549386703, 0.006029565079883366, -0.02465016636467196, 0.004302756567836649, 0.0071262655282329215, 0.010446454414323604, -0.00991664222949664, 0.012571135189233864, -0.006006604268961643, -0.0060499295720563544, -0.02507884765896537, 0.04172407502403896, -0.016187744054255045, 0.04572678756235385, 0.0016100217276302244, 0.024953659544669063, -0.06495010632453906, 0.021141889482198754, -0.03571987858365817, 0.1782150989091206, -0.01940172318369774, 0.009449329012359767, -0.0560502305807465, -0.14522635267289444, -0.062973577319682, 0.3461980679207485, -0.05610028286959901, 0.01076285362915003, 9.418105083749681e-05, 0.0013429333259279384], "bias": 0.4993218806509941, "training_class": null, "filepath": "Graduate_Adaline.json"}