{"learning_rate": 1e-05, "n_iterations": 1000, "seed": 0, "errors": [], "vector": [0.021378649749380977, 0.4191476359994287, -0.42903885211999904, 0.5420933510736687], "bias": -0.11460351679539298, "training_class": null, "filepath": "setosa_SGD.json"}