{"learning_rate": 1e-05, "n_iterations": 50, "seed": 0, "errors": [56, 56, 56, 56, 56, 56, 56, 56, 56, 56, 57, 57, 57, 57, 57, 57, 57, 57, 58, 58, 58, 58, 58, 58, 59, 59, 59, 59, 61, 62, 62, 62, 62, 62, 62, 63, 63, 63, 63, 63, 63, 63, 65, 66, 66, 67, 67, 67, 67, 67], "vector": [-0.913107168426885, -1.7818912219089182, 2.219389380672427, -0.6193864685836475], "bias": 0.0189399999999994, "training_class": null, "filepath": "setosa.json"}