{"learning_rate": 1e-05, "n_iterations": 50, "seed": 0, "errors": [], "vector": [-0.3284077808136549, 0.9466404136678919, 0.3845219114887444, -1.6877411963260864], "bias": 0.02358240830588203, "training_class": null, "filepath": "setosa_SGD.json"}