{"learning_rate": 1e-05, "n_iterations": 1000, "seed": 0, "errors": [], "vector": [0.2256248359439015, 0.23242776491571931, -0.5336734392645966, 0.4589666490971581], "bias": -0.2328936544384745, "training_class": null, "filepath": "setosa_Adaline.json"}