{"learning_rate": 1e-05, "n_iterations": 1000, "seed": 0, "errors": [], "vector": [1.1101159949863477, -1.266948250109143, -1.0456268724939446, 1.2582441231907373], "bias": 0.125858043276079, "training_class": null, "filepath": "versicolor_Adaline.json"}