{"learning_rate": 1e-05, "n_iterations": 50, "seed": 0, "errors": [], "vector": [-1.1050237885578356, -0.7952811573449625, 2.2950386819430033, -0.281020961104271], "bias": 0.225536757872095, "training_class": null, "filepath": "versicolor_SGD.json"}