{"learning_rate": 1e-05, "n_iterations": 50, "seed": 0, "errors": [76, 77, 76, 76, 77, 76, 77, 76, 77, 76, 77, 76, 77, 76, 78, 78, 78, 78, 78, 78, 78, 78, 79, 79, 78, 79, 79, 79, 79, 79, 78, 79, 79, 79, 79, 79, 80, 80, 79, 80, 80, 80, 80, 80, 80, 80, 80, 80, 80, 80], "vector": [0.17011640091867594, -0.1799938437865894, -0.46721645510988624, 1.0409161140780365], "bias": -0.015029999999999561, "training_class": null, "filepath": "versicolor.json"}