{"learning_rate": 1e-05, "n_iterations": 50, "seed": 0, "errors": [], "vector": [1.08111844502243, -1.2303859691901697, 0.03212933266158061, -1.613641652637127], "bias": -0.2531702124520232, "training_class": null, "filepath": "versicolor_Adaline.json"}