{"learning_rate": 1e-05, "n_iterations": 50, "seed": 0, "errors": [50, 50, 50, 50, 50, 50, 50, 50, 50, 50, 50, 50, 50, 50, 50, 50, 50, 50, 50, 50, 50, 50, 50, 50, 50, 50, 49, 49, 49, 49, 49, 49, 49, 49, 49, 49, 49, 49, 49, 49, 49, 49, 49, 49, 49, 49, 49, 49, 49, 49], "vector": [-0.11027295677718871, -3.2414073878705896, 0.9080745060718782, 1.8288805044490748], "bias": 0.02475999999999916, "training_class": null, "filepath": "virginica.json"}