{"learning_rate": 1e-05, "n_iterations": 50, "seed": 0, "errors": [], "vector": [-0.6110938365969333, 0.21807126220050327, 0.5520279206524074, 1.0148493227521567], "bias": -0.1317121485687729, "training_class": null, "filepath": "virginica_SGD.json"}