{"learning_rate": 1e-05, "n_iterations": 50, "seed": 0, "errors": [], "vector": [0.6445843362815925, -0.9843663462358759, -0.15197954727792176, -0.024798790483632253], "bias": 0.1758826959072493, "training_class": null, "filepath": "virginica_Adaline.json"}