{"learning_rate": 1e-05, "n_iterations": 1000, "seed": 0, "errors": [], "vector": [0.6241498190688117, -0.8816319988649716, -0.44781301156105147, 0.7653537881559831], "bias": 0.13960302148712156, "training_class": null, "filepath": "virginica_SGD.json"}