{"learning_rate": 1e-05, "n_iterations": 50, "seed": 0, "errors": [25, 24, 25, 24, 25, 24, 24, 25, 24, 25, 24, 25, 24, 25, 24, 24, 25, 24, 25, 24, 25, 24, 25, 24, 24, 25, 24, 25, 24, 25, 24, 25, 24, 24, 25, 24, 25, 24, 25, 24, 25, 24, 24, 25, 24, 25, 24, 25, 24, 25], "vector": [0.5472894980436422, -1.4836739047809757, 0.10773535816198535, 0.4530134474155265], "bias": -0.32899000000018824, "training_class": null, "filepath": "virginica.json"}